#header line: GPU processors run1,run2,run 3,avg,error_bar
 1, 2677.862867, 2629.960862, 2640.400276, 2649.408002, 23.951002
12, 2661.099585, 2664.927319, 2659.966107, 2661.997671, 2.480606
24, 2770.848235, 2740.946415, 2743.962943, 2751.919198, 14.950910
48, 3232.174157, 3199.506541, 3516.845097, 3316.175265, 158.669278
