#header line: GPU processors avg,error_bar,run1,run2,run3,
 1, 2649.408002, 23.951002, 2677.862867, 2629.960862, 2640.400276
12, 2661.997671, 2.480606, 2661.099585, 2664.927319, 2659.966107
24, 2751.919198, 14.950910, 2770.848235, 2740.946415, 2743.962943
48, 3316.175265, 158.669278, 3232.174157, 3199.506541, 3516.845097
